llave,valor
llave_1,valor_12
llave_2,valor_44
llave_3,valor_41
llave_4,valor_82
llave_5,valor_21
llave_6,valor_41
llave_7,valor_85
llave_8,valor_27
llave_9,valor_6
llave_10,valor_11
llave_11,valor_74
llave_12,valor_64
llave_13,valor_54
llave_14,valor_53
llave_15,valor_100
llave_16,valor_89
llave_17,valor_35
llave_18,valor_78
llave_19,valor_88
llave_20,valor_79
llave_21,valor_16
llave_22,valor_71
llave_23,valor_22
llave_24,valor_43
llave_25,valor_19
llave_26,valor_95
llave_27,valor_78
llave_28,valor_66
llave_29,valor_84
llave_30,valor_77
llave_31,valor_100
llave_32,valor_83
llave_33,valor_46
llave_34,valor_52
llave_35,valor_25
llave_36,valor_16
llave_37,valor_13
llave_38,valor_19
llave_39,valor_18
llave_40,valor_77
llave_41,valor_51
llave_42,valor_13
llave_43,valor_90
llave_44,valor_54
llave_45,valor_49
llave_46,valor_99
llave_47,valor_57
llave_48,valor_32
llave_49,valor_17
llave_50,valor_17
llave_51,valor_38
llave_52,valor_2
llave_53,valor_60
llave_54,valor_93
llave_55,valor_26
llave_56,valor_17
llave_57,valor_67
llave_58,valor_89
llave_59,valor_99
llave_60,valor_25
llave_61,valor_26
llave_62,valor_43
llave_63,valor_14
llave_64,valor_75
llave_65,valor_10
llave_66,valor_59
llave_67,valor_2
llave_68,valor_52
llave_69,valor_76
llave_70,valor_3
llave_71,valor_63
llave_72,valor_45
llave_73,valor_59
llave_74,valor_24
llave_75,valor_99
llave_76,valor_96
llave_77,valor_84
llave_78,valor_51
llave_79,valor_33
llave_80,valor_74
llave_81,valor_98
llave_82,valor_79
llave_83,valor_88
llave_84,valor_13
llave_85,valor_19
llave_86,valor_25
llave_87,valor_62
llave_88,valor_82
llave_89,valor_7
llave_90,valor_64
llave_91,valor_47
llave_92,valor_20
llave_93,valor_39
llave_94,valor_96
llave_95,valor_95
llave_96,valor_98
llave_97,valor_54
llave_98,valor_70
llave_99,valor_50
llave_100,valor_81
llave_101,valor_27
llave_102,valor_66
llave_103,valor_61
llave_104,valor_14
llave_105,valor_10
llave_106,valor_47
llave_107,valor_23
llave_108,valor_84
llave_109,valor_6
llave_110,valor_56
llave_111,valor_12
llave_112,valor_65
llave_113,valor_82
llave_114,valor_31
llave_115,valor_56
llave_116,valor_39
llave_117,valor_29
llave_118,valor_22
llave_119,valor_71
llave_120,valor_26
llave_121,valor_81
llave_122,valor_22
llave_123,valor_2
llave_124,valor_100
llave_125,valor_2
llave_126,valor_83
llave_127,valor_84
llave_128,valor_35
llave_129,valor_32
llave_130,valor_5
llave_131,valor_1
llave_132,valor_55
llave_133,valor_90
llave_134,valor_40
llave_135,valor_95
llave_136,valor_41
llave_137,valor_3
llave_138,valor_36
llave_139,valor_7
llave_140,valor_46
llave_141,valor_45
llave_142,valor_97
llave_143,valor_96
llave_144,valor_96
llave_145,valor_60
llave_146,valor_33
llave_147,valor_78
llave_148,valor_90
llave_149,valor_37
llave_150,valor_100
llave_151,valor_89
llave_152,valor_36
llave_153,valor_14
llave_154,valor_14
llave_155,valor_94
llave_156,valor_78
llave_157,valor_72
llave_158,valor_51
llave_159,valor_15
llave_160,valor_57
llave_161,valor_1
llave_162,valor_94
llave_163,valor_6
llave_164,valor_59
llave_165,valor_53
llave_166,valor_92
llave_167,valor_64
llave_168,valor_91
llave_169,valor_34
llave_170,valor_85
llave_171,valor_44
llave_172,valor_34
llave_173,valor_95
llave_174,valor_66
llave_175,valor_82
llave_176,valor_64
llave_177,valor_69
llave_178,valor_57
llave_179,valor_99
llave_180,valor_56
llave_181,valor_11
llave_182,valor_9
llave_183,valor_22
llave_184,valor_66
llave_185,valor_14
llave_186,valor_66
llave_187,valor_65
llave_188,valor_48
llave_189,valor_47
llave_190,valor_66
llave_191,valor_70
llave_192,valor_46
llave_193,valor_84
llave_194,valor_33
llave_195,valor_99
llave_196,valor_13
llave_197,valor_24
llave_198,valor_57
llave_199,valor_92
llave_200,valor_71
llave_201,valor_36
llave_202,valor_84
llave_203,valor_77
llave_204,valor_66
llave_205,valor_74
llave_206,valor_67
llave_207,valor_32
llave_208,valor_94
llave_209,valor_71
llave_210,valor_67
llave_211,valor_36
llave_212,valor_6
llave_213,valor_21
llave_214,valor_13
llave_215,valor_46
llave_216,valor_1
llave_217,valor_34
llave_218,valor_52
llave_219,valor_91
llave_220,valor_63
llave_221,valor_15
llave_222,valor_55
llave_223,valor_31
llave_224,valor_68
llave_225,valor_45
llave_226,valor_34
llave_227,valor_81
llave_228,valor_95
llave_229,valor_63
llave_230,valor_83
llave_231,valor_56
llave_232,valor_77
llave_233,valor_47
llave_234,valor_60
llave_235,valor_92
llave_236,valor_83
llave_237,valor_33
llave_238,valor_34
llave_239,valor_28
llave_240,valor_46
llave_241,valor_89
llave_242,valor_97
llave_243,valor_99
llave_244,valor_19
llave_245,valor_94
llave_246,valor_62
llave_247,valor_45
llave_248,valor_70
llave_249,valor_71
llave_250,valor_63
llave_251,valor_25
llave_252,valor_23
llave_253,valor_53
llave_254,valor_68
llave_255,valor_97
llave_256,valor_23
llave_257,valor_69
llave_258,valor_49
llave_259,valor_6
llave_260,valor_16
llave_261,valor_96
llave_262,valor_75
llave_263,valor_4
llave_264,valor_13
llave_265,valor_76
llave_266,valor_97
llave_267,valor_91
llave_268,valor_81
llave_269,valor_63
llave_270,valor_26
llave_271,valor_78
llave_272,valor_8
llave_273,valor_21
llave_274,valor_37
llave_275,valor_85
llave_276,valor_84
llave_277,valor_41
llave_278,valor_17
llave_279,valor_80
llave_280,valor_4
llave_281,valor_28
llave_282,valor_90
llave_283,valor_35
llave_284,valor_65
llave_285,valor_11
llave_286,valor_60
llave_287,valor_65
llave_288,valor_64
llave_289,valor_71
llave_290,valor_35
llave_291,valor_97
llave_292,valor_55
llave_293,valor_25
llave_294,valor_100
llave_295,valor_47
llave_296,valor_40
llave_297,valor_45
llave_298,valor_71
llave_299,valor_48
llave_300,valor_23
llave_301,valor_87
llave_302,valor_56
llave_303,valor_17
llave_304,valor_32
llave_305,valor_25
llave_306,valor_83
llave_307,valor_5
llave_308,valor_96
llave_309,valor_54
llave_310,valor_65
llave_311,valor_70
llave_312,valor_29
llave_313,valor_50
llave_314,valor_1
llave_315,valor_55
llave_316,valor_94
llave_317,valor_41
llave_318,valor_95
llave_319,valor_87
llave_320,valor_27
llave_321,valor_53
llave_322,valor_51
llave_323,valor_29
llave_324,valor_65
llave_325,valor_36
llave_326,valor_78
llave_327,valor_10
llave_328,valor_73
llave_329,valor_21
llave_330,valor_36
llave_331,valor_37
llave_332,valor_52
llave_333,valor_66
llave_334,valor_8
llave_335,valor_69
llave_336,valor_59
llave_337,valor_63
llave_338,valor_81
llave_339,valor_96
llave_340,valor_89
llave_341,valor_87
llave_342,valor_94
llave_343,valor_69
llave_344,valor_59
llave_345,valor_11
llave_346,valor_27
llave_347,valor_28
llave_348,valor_71
llave_349,valor_93
llave_350,valor_82
llave_351,valor_67
llave_352,valor_14
llave_353,valor_70
llave_354,valor_67
llave_355,valor_94
llave_356,valor_76
llave_357,valor_78
llave_358,valor_83
llave_359,valor_99
llave_360,valor_14
llave_361,valor_35
llave_362,valor_100
llave_363,valor_25
llave_364,valor_37
llave_365,valor_14
llave_366,valor_91
llave_367,valor_66
llave_368,valor_58
llave_369,valor_37
llave_370,valor_63
llave_371,valor_65
llave_372,valor_11
llave_373,valor_64
llave_374,valor_64
llave_375,valor_31
llave_376,valor_22
llave_377,valor_74
llave_378,valor_56
llave_379,valor_84
llave_380,valor_27
llave_381,valor_73
llave_382,valor_70
llave_383,valor_37
llave_384,valor_81
llave_385,valor_89
llave_386,valor_45
llave_387,valor_96
llave_388,valor_43
llave_389,valor_11
llave_390,valor_68
llave_391,valor_20
llave_392,valor_40
llave_393,valor_21
llave_394,valor_83
llave_395,valor_24
llave_396,valor_76
llave_397,valor_51
llave_398,valor_38
llave_399,valor_64
llave_400,valor_51
llave_401,valor_82
llave_402,valor_24
llave_403,valor_59
llave_404,valor_67
llave_405,valor_17
llave_406,valor_47
llave_407,valor_47
llave_408,valor_18
llave_409,valor_89
llave_410,valor_65
llave_411,valor_26
llave_412,valor_73
llave_413,valor_32
llave_414,valor_26
llave_415,valor_83
llave_416,valor_30
llave_417,valor_14
llave_418,valor_56
llave_419,valor_18
llave_420,valor_43
llave_421,valor_28
llave_422,valor_51
llave_423,valor_91
llave_424,valor_97
llave_425,valor_68
llave_426,valor_76
llave_427,valor_6
llave_428,valor_90
llave_429,valor_90
llave_430,valor_81
llave_431,valor_21
llave_432,valor_59
llave_433,valor_67
llave_434,valor_97
llave_435,valor_78
llave_436,valor_55
llave_437,valor_81
llave_438,valor_45
llave_439,valor_85
llave_440,valor_79
llave_441,valor_97
llave_442,valor_40
llave_443,valor_42
llave_444,valor_1
llave_445,valor_73
llave_446,valor_56
llave_447,valor_13
llave_448,valor_49
llave_449,valor_4
llave_450,valor_16
llave_451,valor_86
llave_452,valor_87
llave_453,valor_55
llave_454,valor_22
llave_455,valor_30
llave_456,valor_57
llave_457,valor_47
llave_458,valor_6
llave_459,valor_9
llave_460,valor_95
llave_461,valor_8
llave_462,valor_6
llave_463,valor_100
llave_464,valor_61
llave_465,valor_55
llave_466,valor_67
llave_467,valor_70
llave_468,valor_39
llave_469,valor_35
llave_470,valor_8
llave_471,valor_56
llave_472,valor_58
llave_473,valor_59
llave_474,valor_67
llave_475,valor_77
llave_476,valor_61
llave_477,valor_60
llave_478,valor_43
llave_479,valor_9
llave_480,valor_57
llave_481,valor_26
llave_482,valor_24
llave_483,valor_74
llave_484,valor_83
llave_485,valor_25
llave_486,valor_48
llave_487,valor_68
llave_488,valor_50
llave_489,valor_16
llave_490,valor_51
llave_491,valor_49
llave_492,valor_84
llave_493,valor_13
llave_494,valor_62
llave_495,valor_41
llave_496,valor_19
llave_497,valor_68
llave_498,valor_35
llave_499,valor_42
llave_500,valor_12
llave_501,valor_93
llave_502,valor_48
llave_503,valor_8
llave_504,valor_19
llave_505,valor_5
llave_506,valor_71
llave_507,valor_96
llave_508,valor_15
llave_509,valor_41
llave_510,valor_20
llave_511,valor_80
llave_512,valor_36
llave_513,valor_80
llave_514,valor_49
llave_515,valor_89
llave_516,valor_17
llave_517,valor_32
llave_518,valor_18
llave_519,valor_75
llave_520,valor_87
llave_521,valor_45
llave_522,valor_58
llave_523,valor_32
llave_524,valor_95
llave_525,valor_83
llave_526,valor_65
llave_527,valor_9
llave_528,valor_71
llave_529,valor_51
llave_530,valor_36
llave_531,valor_86
llave_532,valor_72
llave_533,valor_66
llave_534,valor_10
llave_535,valor_19
llave_536,valor_100
llave_537,valor_1
llave_538,valor_45
llave_539,valor_97
llave_540,valor_30
llave_541,valor_16
llave_542,valor_39
llave_543,valor_57
llave_544,valor_37
llave_545,valor_54
llave_546,valor_4
llave_547,valor_95
llave_548,valor_98
llave_549,valor_31
llave_550,valor_90
llave_551,valor_97
llave_552,valor_12
llave_553,valor_27
llave_554,valor_21
llave_555,valor_5
llave_556,valor_45
llave_557,valor_31
llave_558,valor_39
llave_559,valor_63
llave_560,valor_22
llave_561,valor_5
llave_562,valor_42
llave_563,valor_26
llave_564,valor_38
llave_565,valor_74
llave_566,valor_26
llave_567,valor_74
llave_568,valor_2
llave_569,valor_69
llave_570,valor_44
llave_571,valor_69
llave_572,valor_64
llave_573,valor_91
llave_574,valor_77
llave_575,valor_23
llave_576,valor_67
llave_577,valor_42
llave_578,valor_15
llave_579,valor_31
llave_580,valor_13
llave_581,valor_87
llave_582,valor_69
llave_583,valor_94
llave_584,valor_83
llave_585,valor_21
llave_586,valor_23
llave_587,valor_71
llave_588,valor_74
llave_589,valor_37
llave_590,valor_67
llave_591,valor_60
llave_592,valor_59
llave_593,valor_4
llave_594,valor_82
llave_595,valor_41
llave_596,valor_7
llave_597,valor_92
llave_598,valor_58
llave_599,valor_18
llave_600,valor_40
llave_601,valor_100
llave_602,valor_77
llave_603,valor_36
llave_604,valor_52
llave_605,valor_3
llave_606,valor_36
llave_607,valor_100
llave_608,valor_49
llave_609,valor_9
llave_610,valor_100
llave_611,valor_35
llave_612,valor_98
llave_613,valor_36
llave_614,valor_43
llave_615,valor_75
llave_616,valor_55
llave_617,valor_53
llave_618,valor_90
llave_619,valor_75
llave_620,valor_62
llave_621,valor_49
llave_622,valor_74
llave_623,valor_14
llave_624,valor_8
llave_625,valor_34
llave_626,valor_36
llave_627,valor_73
llave_628,valor_53
llave_629,valor_1
llave_630,valor_1
llave_631,valor_29
llave_632,valor_31
llave_633,valor_22
llave_634,valor_73
llave_635,valor_99
llave_636,valor_96
llave_637,valor_18
llave_638,valor_65
llave_639,valor_4
llave_640,valor_100
llave_641,valor_37
llave_642,valor_46
llave_643,valor_66
llave_644,valor_7
llave_645,valor_86
llave_646,valor_43
llave_647,valor_8
llave_648,valor_5
llave_649,valor_3
llave_650,valor_6
llave_651,valor_87
llave_652,valor_87
llave_653,valor_54
llave_654,valor_92
llave_655,valor_100
llave_656,valor_33
llave_657,valor_54
llave_658,valor_73
llave_659,valor_97
llave_660,valor_76
llave_661,valor_46
llave_662,valor_20
llave_663,valor_74
llave_664,valor_32
llave_665,valor_17
llave_666,valor_75
llave_667,valor_82
llave_668,valor_51
llave_669,valor_52
llave_670,valor_77
llave_671,valor_4
llave_672,valor_56
llave_673,valor_85
llave_674,valor_49
llave_675,valor_75
llave_676,valor_35
llave_677,valor_11
llave_678,valor_93
llave_679,valor_34
llave_680,valor_68
llave_681,valor_30
llave_682,valor_76
llave_683,valor_8
llave_684,valor_78
llave_685,valor_41
llave_686,valor_93
llave_687,valor_67
llave_688,valor_7
llave_689,valor_46
llave_690,valor_14
llave_691,valor_58
llave_692,valor_30
llave_693,valor_87
llave_694,valor_89
llave_695,valor_81
llave_696,valor_82
llave_697,valor_38
llave_698,valor_39
llave_699,valor_59
llave_700,valor_34
llave_701,valor_6
llave_702,valor_27
llave_703,valor_86
llave_704,valor_2
llave_705,valor_96
llave_706,valor_3
llave_707,valor_3
llave_708,valor_75
llave_709,valor_87
llave_710,valor_47
llave_711,valor_39
llave_712,valor_87
llave_713,valor_68
llave_714,valor_72
llave_715,valor_6
llave_716,valor_56
llave_717,valor_50
llave_718,valor_30
llave_719,valor_83
llave_720,valor_27
llave_721,valor_13
llave_722,valor_87
llave_723,valor_25
llave_724,valor_38
llave_725,valor_21
llave_726,valor_61
llave_727,valor_59
llave_728,valor_46
llave_729,valor_27
llave_730,valor_17
llave_731,valor_35
llave_732,valor_20
llave_733,valor_41
llave_734,valor_8
llave_735,valor_83
llave_736,valor_79
llave_737,valor_58
llave_738,valor_71
llave_739,valor_27
llave_740,valor_34
llave_741,valor_47
llave_742,valor_63
llave_743,valor_90
llave_744,valor_81
llave_745,valor_5
llave_746,valor_54
llave_747,valor_74
llave_748,valor_32
llave_749,valor_70
llave_750,valor_35
llave_751,valor_58
llave_752,valor_77
llave_753,valor_69
llave_754,valor_37
llave_755,valor_29
llave_756,valor_64
llave_757,valor_57
llave_758,valor_4
llave_759,valor_51
llave_760,valor_55
llave_761,valor_44
llave_762,valor_66
llave_763,valor_58
llave_764,valor_40
llave_765,valor_56
llave_766,valor_70
llave_767,valor_75
llave_768,valor_56
llave_769,valor_37
llave_770,valor_64
llave_771,valor_42
llave_772,valor_57
llave_773,valor_27
llave_774,valor_6
llave_775,valor_47
llave_776,valor_39
llave_777,valor_63
llave_778,valor_7
llave_779,valor_52
llave_780,valor_25
llave_781,valor_68
llave_782,valor_30
llave_783,valor_78
llave_784,valor_76
llave_785,valor_84
llave_786,valor_87
llave_787,valor_61
llave_788,valor_94
llave_789,valor_20
llave_790,valor_8
llave_791,valor_30
llave_792,valor_20
llave_793,valor_34
llave_794,valor_38
llave_795,valor_37
llave_796,valor_71
llave_797,valor_83
llave_798,valor_52
llave_799,valor_76
llave_800,valor_39
llave_801,valor_14
llave_802,valor_16
llave_803,valor_32
llave_804,valor_80
llave_805,valor_29
llave_806,valor_64
llave_807,valor_23
llave_808,valor_57
llave_809,valor_33
llave_810,valor_67
llave_811,valor_91
llave_812,valor_70
llave_813,valor_45
llave_814,valor_41
llave_815,valor_39
llave_816,valor_96
llave_817,valor_84
llave_818,valor_58
llave_819,valor_62
llave_820,valor_50
llave_821,valor_93
llave_822,valor_35
llave_823,valor_50
llave_824,valor_86
llave_825,valor_82
llave_826,valor_82
llave_827,valor_87
llave_828,valor_87
llave_829,valor_5
llave_830,valor_75
llave_831,valor_74
llave_832,valor_73
llave_833,valor_12
llave_834,valor_34
llave_835,valor_70
llave_836,valor_28
llave_837,valor_80
llave_838,valor_58
llave_839,valor_18
llave_840,valor_53
llave_841,valor_69
llave_842,valor_52
llave_843,valor_65
llave_844,valor_80
llave_845,valor_51
llave_846,valor_91
llave_847,valor_6
llave_848,valor_30
llave_849,valor_69
llave_850,valor_15
llave_851,valor_49
llave_852,valor_94
llave_853,valor_15
llave_854,valor_18
llave_855,valor_20
llave_856,valor_63
llave_857,valor_50
llave_858,valor_37
llave_859,valor_94
llave_860,valor_63
llave_861,valor_14
llave_862,valor_66
llave_863,valor_42
llave_864,valor_13
llave_865,valor_58
llave_866,valor_45
llave_867,valor_99
llave_868,valor_9
llave_869,valor_7
llave_870,valor_71
llave_871,valor_52
llave_872,valor_89
llave_873,valor_34
llave_874,valor_2
llave_875,valor_17
llave_876,valor_29
llave_877,valor_100
llave_878,valor_2
llave_879,valor_85
llave_880,valor_85
llave_881,valor_49
llave_882,valor_97
llave_883,valor_17
llave_884,valor_55
llave_885,valor_71
llave_886,valor_97
llave_887,valor_65
llave_888,valor_97
llave_889,valor_26
llave_890,valor_93
llave_891,valor_68
llave_892,valor_18
llave_893,valor_67
llave_894,valor_30
llave_895,valor_99
llave_896,valor_65
llave_897,valor_80
llave_898,valor_43
llave_899,valor_31
llave_900,valor_5
llave_901,valor_75
llave_902,valor_69
llave_903,valor_50
llave_904,valor_12
llave_905,valor_22
llave_906,valor_67
llave_907,valor_29
llave_908,valor_39
llave_909,valor_99
llave_910,valor_37
llave_911,valor_72
llave_912,valor_66
llave_913,valor_59
llave_914,valor_54
llave_915,valor_41
llave_916,valor_45
llave_917,valor_42
llave_918,valor_21
llave_919,valor_58
llave_920,valor_99
llave_921,valor_22
llave_922,valor_30
llave_923,valor_19
llave_924,valor_27
llave_925,valor_68
llave_926,valor_14
llave_927,valor_63
llave_928,valor_43
llave_929,valor_86
llave_930,valor_98
llave_931,valor_91
llave_932,valor_4
llave_933,valor_3
llave_934,valor_63
llave_935,valor_24
llave_936,valor_59
llave_937,valor_38
llave_938,valor_7
llave_939,valor_63
llave_940,valor_43
llave_941,valor_93
llave_942,valor_13
llave_943,valor_31
llave_944,valor_99
llave_945,valor_17
llave_946,valor_2
llave_947,valor_34
llave_948,valor_16
llave_949,valor_65
llave_950,valor_69
llave_951,valor_78
llave_952,valor_41
llave_953,valor_12
llave_954,valor_19
llave_955,valor_54
llave_956,valor_85
llave_957,valor_23
llave_958,valor_91
llave_959,valor_83
llave_960,valor_99
llave_961,valor_82
llave_962,valor_20
llave_963,valor_39
llave_964,valor_69
llave_965,valor_60
llave_966,valor_40
llave_967,valor_76
llave_968,valor_72
llave_969,valor_87
llave_970,valor_9
llave_971,valor_35
llave_972,valor_64
llave_973,valor_19
llave_974,valor_24
llave_975,valor_19
llave_976,valor_74
llave_977,valor_83
llave_978,valor_90
llave_979,valor_73
llave_980,valor_100
llave_981,valor_19
llave_982,valor_56
llave_983,valor_51
llave_984,valor_81
llave_985,valor_47
llave_986,valor_80
llave_987,valor_47
llave_988,valor_89
llave_989,valor_97
llave_990,valor_5
llave_991,valor_85
llave_992,valor_12
llave_993,valor_60
llave_994,valor_96
llave_995,valor_7
llave_996,valor_25
llave_997,valor_58
llave_998,valor_26
llave_999,valor_22
llave_1000,valor_58
llave_1001,valor_2
llave_1002,valor_39
llave_1003,valor_25
llave_1004,valor_26
llave_1005,valor_57
llave_1006,valor_63
llave_1007,valor_95
llave_1008,valor_86
llave_1009,valor_35
llave_1010,valor_1
llave_1011,valor_15
llave_1012,valor_52
llave_1013,valor_21
llave_1014,valor_9
llave_1015,valor_9
llave_1016,valor_49
llave_1017,valor_91
llave_1018,valor_30
llave_1019,valor_38
llave_1020,valor_82
llave_1021,valor_52
llave_1022,valor_75
llave_1023,valor_77
llave_1024,valor_20
llave_1025,valor_62
llave_1026,valor_53
llave_1027,valor_87
llave_1028,valor_29
llave_1029,valor_68
llave_1030,valor_16
llave_1031,valor_38
llave_1032,valor_99
llave_1033,valor_65
llave_1034,valor_34
llave_1035,valor_92
llave_1036,valor_22
llave_1037,valor_5
llave_1038,valor_64
llave_1039,valor_87
llave_1040,valor_2
llave_1041,valor_60
llave_1042,valor_23
llave_1043,valor_19
llave_1044,valor_59
llave_1045,valor_4
llave_1046,valor_74
llave_1047,valor_60
llave_1048,valor_77
llave_1049,valor_48
llave_1050,valor_28
llave_1051,valor_46
llave_1052,valor_32
llave_1053,valor_42
llave_1054,valor_25
llave_1055,valor_40
llave_1056,valor_82
llave_1057,valor_59
llave_1058,valor_34
llave_1059,valor_8
llave_1060,valor_46
llave_1061,valor_68
llave_1062,valor_39
llave_1063,valor_27
llave_1064,valor_13
llave_1065,valor_6
llave_1066,valor_65
llave_1067,valor_2
llave_1068,valor_68
llave_1069,valor_70
llave_1070,valor_71
llave_1071,valor_33
llave_1072,valor_35
llave_1073,valor_29
llave_1074,valor_36
llave_1075,valor_69
llave_1076,valor_23
llave_1077,valor_48
llave_1078,valor_17
llave_1079,valor_92
llave_1080,valor_93
llave_1081,valor_87
llave_1082,valor_44
llave_1083,valor_26
llave_1084,valor_48
llave_1085,valor_47
llave_1086,valor_10
llave_1087,valor_85
llave_1088,valor_62
llave_1089,valor_11
llave_1090,valor_9
llave_1091,valor_72
llave_1092,valor_84
llave_1093,valor_100
llave_1094,valor_50
llave_1095,valor_85
llave_1096,valor_67
llave_1097,valor_92
llave_1098,valor_84
llave_1099,valor_84
llave_1100,valor_96
llave_1101,valor_53
llave_1102,valor_24
llave_1103,valor_45
llave_1104,valor_28
llave_1105,valor_53
llave_1106,valor_50
llave_1107,valor_65
llave_1108,valor_48
llave_1109,valor_76
llave_1110,valor_79
llave_1111,valor_81
llave_1112,valor_29
llave_1113,valor_81
llave_1114,valor_12
llave_1115,valor_82
llave_1116,valor_11
llave_1117,valor_49
llave_1118,valor_1
llave_1119,valor_66
llave_1120,valor_51
llave_1121,valor_51
llave_1122,valor_16
llave_1123,valor_19
llave_1124,valor_59
llave_1125,valor_60
llave_1126,valor_54
llave_1127,valor_12
llave_1128,valor_4
llave_1129,valor_70
llave_1130,valor_1
llave_1131,valor_46
llave_1132,valor_3
llave_1133,valor_79
llave_1134,valor_59
llave_1135,valor_53
llave_1136,valor_91
llave_1137,valor_7
llave_1138,valor_33
llave_1139,valor_94
llave_1140,valor_95
llave_1141,valor_25
llave_1142,valor_7
llave_1143,valor_87
llave_1144,valor_35
llave_1145,valor_15
llave_1146,valor_70
llave_1147,valor_13
llave_1148,valor_61
llave_1149,valor_72
llave_1150,valor_32
llave_1151,valor_34
llave_1152,valor_91
llave_1153,valor_77
llave_1154,valor_72
llave_1155,valor_22
llave_1156,valor_99
llave_1157,valor_77
llave_1158,valor_92
llave_1159,valor_54
llave_1160,valor_26
llave_1161,valor_2
llave_1162,valor_67
llave_1163,valor_72
llave_1164,valor_26
llave_1165,valor_33
llave_1166,valor_68
llave_1167,valor_96
llave_1168,valor_46
llave_1169,valor_49
llave_1170,valor_3
llave_1171,valor_53
llave_1172,valor_49
llave_1173,valor_14
llave_1174,valor_25
llave_1175,valor_43
llave_1176,valor_5
llave_1177,valor_24
llave_1178,valor_69
llave_1179,valor_43
llave_1180,valor_83
llave_1181,valor_10
llave_1182,valor_64
llave_1183,valor_73
llave_1184,valor_39
llave_1185,valor_68
llave_1186,valor_27
llave_1187,valor_100
llave_1188,valor_47
llave_1189,valor_73
llave_1190,valor_19
llave_1191,valor_55
llave_1192,valor_2
llave_1193,valor_39
llave_1194,valor_33
llave_1195,valor_89
llave_1196,valor_88
llave_1197,valor_26
llave_1198,valor_61
llave_1199,valor_7
llave_1200,valor_48
llave_1201,valor_12
llave_1202,valor_6
llave_1203,valor_36
llave_1204,valor_27
llave_1205,valor_33
llave_1206,valor_53
llave_1207,valor_25
llave_1208,valor_62
llave_1209,valor_27
llave_1210,valor_29
llave_1211,valor_89
llave_1212,valor_69
llave_1213,valor_45
llave_1214,valor_1
llave_1215,valor_75
llave_1216,valor_18
llave_1217,valor_58
llave_1218,valor_52
llave_1219,valor_1
llave_1220,valor_29
llave_1221,valor_47
llave_1222,valor_13
llave_1223,valor_42
llave_1224,valor_1
llave_1225,valor_86
llave_1226,valor_64
llave_1227,valor_16
llave_1228,valor_70
llave_1229,valor_66
llave_1230,valor_82
llave_1231,valor_81
llave_1232,valor_46
llave_1233,valor_12
llave_1234,valor_84
llave_1235,valor_17
llave_1236,valor_98
llave_1237,valor_80
llave_1238,valor_57
llave_1239,valor_90
llave_1240,valor_46
llave_1241,valor_45
llave_1242,valor_60
llave_1243,valor_42
llave_1244,valor_58
llave_1245,valor_54
llave_1246,valor_24
llave_1247,valor_100
llave_1248,valor_36
llave_1249,valor_83
llave_1250,valor_13
llave_1251,valor_56
llave_1252,valor_6
llave_1253,valor_8
llave_1254,valor_91
llave_1255,valor_23
llave_1256,valor_58
llave_1257,valor_69
llave_1258,valor_56
llave_1259,valor_66
llave_1260,valor_2
llave_1261,valor_92
llave_1262,valor_60
llave_1263,valor_42
llave_1264,valor_64
llave_1265,valor_80
llave_1266,valor_56
llave_1267,valor_13
llave_1268,valor_83
llave_1269,valor_45
llave_1270,valor_5
llave_1271,valor_4
llave_1272,valor_17
llave_1273,valor_58
llave_1274,valor_3
llave_1275,valor_67
llave_1276,valor_74
llave_1277,valor_54
llave_1278,valor_89
llave_1279,valor_9
llave_1280,valor_51
llave_1281,valor_77
llave_1282,valor_48
llave_1283,valor_50
llave_1284,valor_80
llave_1285,valor_79
llave_1286,valor_89
llave_1287,valor_86
llave_1288,valor_74
llave_1289,valor_22
llave_1290,valor_99
llave_1291,valor_36
llave_1292,valor_1
llave_1293,valor_82
llave_1294,valor_43
llave_1295,valor_62
llave_1296,valor_48
llave_1297,valor_87
llave_1298,valor_65
llave_1299,valor_75
llave_1300,valor_54
llave_1301,valor_100
llave_1302,valor_26
llave_1303,valor_30
llave_1304,valor_63
llave_1305,valor_7
llave_1306,valor_24
llave_1307,valor_27
llave_1308,valor_70
llave_1309,valor_5
llave_1310,valor_74
llave_1311,valor_84
llave_1312,valor_6
llave_1313,valor_89
llave_1314,valor_56
llave_1315,valor_69
llave_1316,valor_80
llave_1317,valor_68
llave_1318,valor_6
llave_1319,valor_37
llave_1320,valor_73
llave_1321,valor_39
llave_1322,valor_41
llave_1323,valor_12
llave_1324,valor_25
llave_1325,valor_28
llave_1326,valor_10
llave_1327,valor_86
llave_1328,valor_82
llave_1329,valor_36
llave_1330,valor_45
llave_1331,valor_70
llave_1332,valor_58
llave_1333,valor_18
llave_1334,valor_69
llave_1335,valor_37
llave_1336,valor_89
llave_1337,valor_55
llave_1338,valor_12
llave_1339,valor_26
llave_1340,valor_24
llave_1341,valor_5
llave_1342,valor_30
llave_1343,valor_70
llave_1344,valor_65
llave_1345,valor_12
llave_1346,valor_53
llave_1347,valor_36
llave_1348,valor_76
llave_1349,valor_86
llave_1350,valor_32
llave_1351,valor_100
llave_1352,valor_98
llave_1353,valor_33
llave_1354,valor_86
llave_1355,valor_35
llave_1356,valor_58
llave_1357,valor_40
llave_1358,valor_82
llave_1359,valor_41
llave_1360,valor_8
llave_1361,valor_94
llave_1362,valor_79
llave_1363,valor_73
llave_1364,valor_91
llave_1365,valor_87
llave_1366,valor_18
llave_1367,valor_76
llave_1368,valor_84
llave_1369,valor_61
llave_1370,valor_19
llave_1371,valor_88
llave_1372,valor_7
llave_1373,valor_81
llave_1374,valor_12
llave_1375,valor_21
llave_1376,valor_96
llave_1377,valor_73
llave_1378,valor_44
llave_1379,valor_57
llave_1380,valor_35
llave_1381,valor_62
llave_1382,valor_67
llave_1383,valor_39
llave_1384,valor_83
llave_1385,valor_83
llave_1386,valor_89
llave_1387,valor_24
llave_1388,valor_15
llave_1389,valor_38
llave_1390,valor_44
llave_1391,valor_50
llave_1392,valor_78
llave_1393,valor_56
llave_1394,valor_99
llave_1395,valor_21
llave_1396,valor_71
llave_1397,valor_99
llave_1398,valor_18
llave_1399,valor_41
llave_1400,valor_44
llave_1401,valor_37
llave_1402,valor_50
llave_1403,valor_1
llave_1404,valor_1
llave_1405,valor_72
llave_1406,valor_24
llave_1407,valor_2
llave_1408,valor_73
llave_1409,valor_11
llave_1410,valor_5
llave_1411,valor_45
llave_1412,valor_92
llave_1413,valor_16
llave_1414,valor_80
llave_1415,valor_47
llave_1416,valor_45
llave_1417,valor_92
llave_1418,valor_96
llave_1419,valor_83
llave_1420,valor_18
llave_1421,valor_16
llave_1422,valor_32
llave_1423,valor_69
llave_1424,valor_60
llave_1425,valor_91
llave_1426,valor_22
llave_1427,valor_15
llave_1428,valor_47
llave_1429,valor_25
llave_1430,valor_72
llave_1431,valor_11
llave_1432,valor_83
llave_1433,valor_85
llave_1434,valor_38
llave_1435,valor_90
llave_1436,valor_40
llave_1437,valor_90
llave_1438,valor_32
llave_1439,valor_34
llave_1440,valor_58
llave_1441,valor_59
llave_1442,valor_8
llave_1443,valor_37
llave_1444,valor_40
llave_1445,valor_21
llave_1446,valor_35
llave_1447,valor_61
llave_1448,valor_49
llave_1449,valor_66
llave_1450,valor_89
llave_1451,valor_23
llave_1452,valor_78
llave_1453,valor_16
llave_1454,valor_69
llave_1455,valor_78
llave_1456,valor_18
llave_1457,valor_68
llave_1458,valor_83
llave_1459,valor_82
llave_1460,valor_3
llave_1461,valor_32
llave_1462,valor_26
llave_1463,valor_11
llave_1464,valor_94
llave_1465,valor_2
llave_1466,valor_98
llave_1467,valor_3
llave_1468,valor_59
llave_1469,valor_47
llave_1470,valor_24
llave_1471,valor_8
llave_1472,valor_43
llave_1473,valor_56
llave_1474,valor_99
llave_1475,valor_100
llave_1476,valor_50
llave_1477,valor_99
llave_1478,valor_30
llave_1479,valor_73
llave_1480,valor_28
llave_1481,valor_57
llave_1482,valor_93
llave_1483,valor_23
llave_1484,valor_47
llave_1485,valor_43
llave_1486,valor_90
llave_1487,valor_59
llave_1488,valor_25
llave_1489,valor_13
llave_1490,valor_92
llave_1491,valor_16
llave_1492,valor_28
llave_1493,valor_58
llave_1494,valor_27
llave_1495,valor_86
llave_1496,valor_31
llave_1497,valor_95
llave_1498,valor_91
llave_1499,valor_18
llave_1500,valor_65
llave_1501,valor_89
llave_1502,valor_35
llave_1503,valor_98
llave_1504,valor_86
llave_1505,valor_46
llave_1506,valor_95
llave_1507,valor_77
llave_1508,valor_34
llave_1509,valor_42
llave_1510,valor_80
llave_1511,valor_57
llave_1512,valor_71
llave_1513,valor_68
llave_1514,valor_12
llave_1515,valor_76
llave_1516,valor_39
llave_1517,valor_7
llave_1518,valor_20
llave_1519,valor_9
llave_1520,valor_90
llave_1521,valor_79
llave_1522,valor_41
llave_1523,valor_95
llave_1524,valor_47
llave_1525,valor_24
llave_1526,valor_80
llave_1527,valor_18
llave_1528,valor_7
llave_1529,valor_86
llave_1530,valor_46
llave_1531,valor_9
llave_1532,valor_10
llave_1533,valor_28
llave_1534,valor_61
llave_1535,valor_1
llave_1536,valor_54
llave_1537,valor_94
llave_1538,valor_49
llave_1539,valor_18
llave_1540,valor_38
llave_1541,valor_24
llave_1542,valor_41
llave_1543,valor_89
llave_1544,valor_89
llave_1545,valor_52
llave_1546,valor_11
llave_1547,valor_28
llave_1548,valor_15
llave_1549,valor_74
llave_1550,valor_87
llave_1551,valor_35
llave_1552,valor_30
llave_1553,valor_73
llave_1554,valor_6
llave_1555,valor_37
llave_1556,valor_53
llave_1557,valor_77
llave_1558,valor_14
llave_1559,valor_31
llave_1560,valor_53
llave_1561,valor_77
llave_1562,valor_34
llave_1563,valor_23
llave_1564,valor_8
llave_1565,valor_3
llave_1566,valor_70
llave_1567,valor_15
llave_1568,valor_46
llave_1569,valor_98
llave_1570,valor_78
llave_1571,valor_45
llave_1572,valor_84
llave_1573,valor_85
llave_1574,valor_98
llave_1575,valor_66
llave_1576,valor_40
llave_1577,valor_41
llave_1578,valor_46
llave_1579,valor_24
llave_1580,valor_22
llave_1581,valor_75
llave_1582,valor_70
llave_1583,valor_92
llave_1584,valor_14
llave_1585,valor_74
llave_1586,valor_81
llave_1587,valor_61
llave_1588,valor_85
llave_1589,valor_4
llave_1590,valor_12
llave_1591,valor_20
llave_1592,valor_11
llave_1593,valor_87
llave_1594,valor_21
llave_1595,valor_75
llave_1596,valor_57
llave_1597,valor_92
llave_1598,valor_7
llave_1599,valor_66
llave_1600,valor_25
llave_1601,valor_58
llave_1602,valor_98
llave_1603,valor_32
llave_1604,valor_7
llave_1605,valor_84
llave_1606,valor_24
llave_1607,valor_80
llave_1608,valor_17
llave_1609,valor_16
llave_1610,valor_70
llave_1611,valor_69
llave_1612,valor_72
llave_1613,valor_61
llave_1614,valor_75
llave_1615,valor_35
llave_1616,valor_85
llave_1617,valor_62
llave_1618,valor_7
llave_1619,valor_45
llave_1620,valor_52
llave_1621,valor_26
llave_1622,valor_44
llave_1623,valor_27
llave_1624,valor_24
llave_1625,valor_21
llave_1626,valor_63
llave_1627,valor_87
llave_1628,valor_60
llave_1629,valor_22
llave_1630,valor_75
llave_1631,valor_58
llave_1632,valor_46
llave_1633,valor_1
llave_1634,valor_82
llave_1635,valor_52
llave_1636,valor_84
llave_1637,valor_9
llave_1638,valor_3
llave_1639,valor_33
llave_1640,valor_72
llave_1641,valor_50
llave_1642,valor_8
llave_1643,valor_29
llave_1644,valor_30
llave_1645,valor_46
llave_1646,valor_15
llave_1647,valor_22
llave_1648,valor_1
llave_1649,valor_52
llave_1650,valor_70
llave_1651,valor_67
llave_1652,valor_70
llave_1653,valor_27
llave_1654,valor_9
llave_1655,valor_63
llave_1656,valor_48
llave_1657,valor_30
llave_1658,valor_95
llave_1659,valor_23
llave_1660,valor_85
llave_1661,valor_3
llave_1662,valor_30
llave_1663,valor_100
llave_1664,valor_1
llave_1665,valor_23
llave_1666,valor_60
llave_1667,valor_10
llave_1668,valor_5
llave_1669,valor_22
llave_1670,valor_89
llave_1671,valor_32
llave_1672,valor_20
llave_1673,valor_70
llave_1674,valor_80
llave_1675,valor_44
llave_1676,valor_72
llave_1677,valor_82
llave_1678,valor_19
llave_1679,valor_8
llave_1680,valor_22
llave_1681,valor_62
llave_1682,valor_76
llave_1683,valor_82
llave_1684,valor_40
llave_1685,valor_48
llave_1686,valor_12
llave_1687,valor_91
llave_1688,valor_68
llave_1689,valor_24
llave_1690,valor_29
llave_1691,valor_14
llave_1692,valor_4
llave_1693,valor_9
llave_1694,valor_20
llave_1695,valor_61
llave_1696,valor_58
llave_1697,valor_55
llave_1698,valor_63
llave_1699,valor_51
llave_1700,valor_7
llave_1701,valor_94
llave_1702,valor_46
llave_1703,valor_91
llave_1704,valor_93
llave_1705,valor_43
llave_1706,valor_66
llave_1707,valor_62
llave_1708,valor_96
llave_1709,valor_55
llave_1710,valor_26
llave_1711,valor_90
llave_1712,valor_93
llave_1713,valor_95
llave_1714,valor_98
llave_1715,valor_81
llave_1716,valor_27
llave_1717,valor_58
llave_1718,valor_59
llave_1719,valor_95
llave_1720,valor_67
llave_1721,valor_75
llave_1722,valor_89
llave_1723,valor_4
llave_1724,valor_57
llave_1725,valor_87
llave_1726,valor_97
llave_1727,valor_73
llave_1728,valor_26
llave_1729,valor_10
llave_1730,valor_81
llave_1731,valor_46
llave_1732,valor_35
llave_1733,valor_10
llave_1734,valor_11
llave_1735,valor_77
llave_1736,valor_4
llave_1737,valor_95
llave_1738,valor_65
llave_1739,valor_86
llave_1740,valor_76
llave_1741,valor_17
llave_1742,valor_2
llave_1743,valor_29
llave_1744,valor_99
llave_1745,valor_81
llave_1746,valor_16
llave_1747,valor_82
llave_1748,valor_13
llave_1749,valor_66
llave_1750,valor_68
llave_1751,valor_45
llave_1752,valor_71
llave_1753,valor_74
llave_1754,valor_3
llave_1755,valor_4
llave_1756,valor_47
llave_1757,valor_81
llave_1758,valor_39
llave_1759,valor_19
llave_1760,valor_94
llave_1761,valor_95
llave_1762,valor_88
llave_1763,valor_68
llave_1764,valor_66
llave_1765,valor_87
llave_1766,valor_55
llave_1767,valor_95
llave_1768,valor_31
llave_1769,valor_86
llave_1770,valor_9
llave_1771,valor_66
llave_1772,valor_49
llave_1773,valor_87
llave_1774,valor_56
llave_1775,valor_31
llave_1776,valor_15
llave_1777,valor_89
llave_1778,valor_9
llave_1779,valor_35
llave_1780,valor_62
llave_1781,valor_71
llave_1782,valor_23
llave_1783,valor_100
llave_1784,valor_56
llave_1785,valor_97
llave_1786,valor_30
llave_1787,valor_4
llave_1788,valor_76
llave_1789,valor_16
llave_1790,valor_42
llave_1791,valor_20
llave_1792,valor_28
llave_1793,valor_96
llave_1794,valor_65
llave_1795,valor_54
llave_1796,valor_49
llave_1797,valor_70
llave_1798,valor_76
llave_1799,valor_39
llave_1800,valor_7
llave_1801,valor_72
llave_1802,valor_52
llave_1803,valor_17
llave_1804,valor_23
llave_1805,valor_24
llave_1806,valor_69
llave_1807,valor_31
llave_1808,valor_60
llave_1809,valor_42
llave_1810,valor_50
llave_1811,valor_77
llave_1812,valor_100
llave_1813,valor_26
llave_1814,valor_39
llave_1815,valor_53
llave_1816,valor_46
llave_1817,valor_67
llave_1818,valor_37
llave_1819,valor_73
llave_1820,valor_96
llave_1821,valor_5
llave_1822,valor_96
llave_1823,valor_4
llave_1824,valor_82
llave_1825,valor_94
llave_1826,valor_54
llave_1827,valor_48
llave_1828,valor_17
llave_1829,valor_62
llave_1830,valor_87
llave_1831,valor_3
llave_1832,valor_43
llave_1833,valor_9
llave_1834,valor_66
llave_1835,valor_40
llave_1836,valor_35
llave_1837,valor_57
llave_1838,valor_8
llave_1839,valor_13
llave_1840,valor_48
llave_1841,valor_32
llave_1842,valor_38
llave_1843,valor_70
llave_1844,valor_84
llave_1845,valor_6
llave_1846,valor_11
llave_1847,valor_38
llave_1848,valor_49
llave_1849,valor_35
llave_1850,valor_62
llave_1851,valor_56
llave_1852,valor_72
llave_1853,valor_99
llave_1854,valor_91
llave_1855,valor_14
llave_1856,valor_9
llave_1857,valor_65
llave_1858,valor_95
llave_1859,valor_42
llave_1860,valor_65
llave_1861,valor_27
llave_1862,valor_17
llave_1863,valor_28
llave_1864,valor_58
llave_1865,valor_100
llave_1866,valor_98
llave_1867,valor_89
llave_1868,valor_79
llave_1869,valor_43
llave_1870,valor_64
llave_1871,valor_74
llave_1872,valor_34
llave_1873,valor_88
llave_1874,valor_44
llave_1875,valor_46
llave_1876,valor_38
llave_1877,valor_70
llave_1878,valor_86
llave_1879,valor_85
llave_1880,valor_3
llave_1881,valor_4
llave_1882,valor_36
llave_1883,valor_71
llave_1884,valor_81
llave_1885,valor_81
llave_1886,valor_2
llave_1887,valor_10
llave_1888,valor_30
llave_1889,valor_39
llave_1890,valor_16
llave_1891,valor_81
llave_1892,valor_76
llave_1893,valor_77
llave_1894,valor_54
llave_1895,valor_16
llave_1896,valor_33
llave_1897,valor_89
llave_1898,valor_56
llave_1899,valor_41
llave_1900,valor_44
llave_1901,valor_51
llave_1902,valor_26
llave_1903,valor_2
llave_1904,valor_6
llave_1905,valor_72
llave_1906,valor_85
llave_1907,valor_18
llave_1908,valor_62
llave_1909,valor_54
llave_1910,valor_89
llave_1911,valor_68
llave_1912,valor_43
llave_1913,valor_24
llave_1914,valor_27
llave_1915,valor_25
llave_1916,valor_95
llave_1917,valor_9
llave_1918,valor_5
llave_1919,valor_5
llave_1920,valor_55
llave_1921,valor_86
llave_1922,valor_94
llave_1923,valor_30
llave_1924,valor_48
llave_1925,valor_36
llave_1926,valor_65
llave_1927,valor_76
llave_1928,valor_67
llave_1929,valor_98
llave_1930,valor_26
llave_1931,valor_95
llave_1932,valor_44
llave_1933,valor_10
llave_1934,valor_70
llave_1935,valor_75
llave_1936,valor_77
llave_1937,valor_30
llave_1938,valor_9
llave_1939,valor_46
llave_1940,valor_64
llave_1941,valor_11
llave_1942,valor_63
llave_1943,valor_12
llave_1944,valor_93
llave_1945,valor_68
llave_1946,valor_29
llave_1947,valor_67
llave_1948,valor_53
llave_1949,valor_85
llave_1950,valor_48
llave_1951,valor_73
llave_1952,valor_90
llave_1953,valor_99
llave_1954,valor_57
llave_1955,valor_16
llave_1956,valor_51
llave_1957,valor_42
llave_1958,valor_3
llave_1959,valor_63
llave_1960,valor_86
llave_1961,valor_27
llave_1962,valor_100
llave_1963,valor_18
llave_1964,valor_84
llave_1965,valor_46
llave_1966,valor_92
llave_1967,valor_15
llave_1968,valor_59
llave_1969,valor_63
llave_1970,valor_89
llave_1971,valor_15
llave_1972,valor_3
llave_1973,valor_32
llave_1974,valor_71
llave_1975,valor_13
llave_1976,valor_32
llave_1977,valor_63
llave_1978,valor_80
llave_1979,valor_55
llave_1980,valor_55
llave_1981,valor_42
llave_1982,valor_2
llave_1983,valor_12
llave_1984,valor_95
llave_1985,valor_91
llave_1986,valor_45
llave_1987,valor_39
llave_1988,valor_1
llave_1989,valor_45
llave_1990,valor_98
llave_1991,valor_73
llave_1992,valor_3
llave_1993,valor_20
llave_1994,valor_59
llave_1995,valor_43
llave_1996,valor_100
llave_1997,valor_2
llave_1998,valor_81
llave_1999,valor_28
llave_2000,valor_31
